partner_code_id;code;_created_on
1353870337;19624;2020-02-27 06:23:07
2030097110;20057;2022-03-08 14:22:59
3088246029;20823;2025-05-19 07:49:20
3160790024;20864;2025-09-09 08:44:37
3201231431;20879;2025-11-17 08:10:55
2246644660;20135;2022-10-05 04:54:33
1407879867;19675;2020-05-04 07:56:10
1709919398;19884;2021-04-13 10:45:12
3092760406;20825;2025-05-26 07:49:08
2337959033;20171;2023-01-06 14:05:33
1813915229;19934;2021-07-26 13:45:23
2020795190;20052;2022-02-28 10:40:29
1163407140;19477;2019-06-27 09:05:27
1635505914;19848;2021-01-26 14:48:48
1090236741;19441;2019-03-28 15:09:43
3198284272;20877;2025-11-12 08:16:00
1607989616;19814;2020-12-23 14:10:09
3150942120;20852;2025-08-22 08:31:17
355473546;19113;2015-12-11 14:32:59
2647802247;20555;2023-11-14 07:26:02
2005920747;20044;2022-02-14 09:57:13
3189651519;20875;2025-10-28 07:28:48
1886226013;19990;2021-10-11 07:15:56
3198289464;20878;2025-11-12 08:27:29
1510830375;19759;2020-09-04 08:07:23
3196837757;20876;2025-11-10 08:21:30
1966646434;20026;2022-01-06 09:32:02
2583856530;20530;2023-09-05 07:09:56
1076122225;19437;2019-03-12 08:41:31
1238048007;19517;2019-10-01 12:14:46
1518538354;19764;2020-09-14 14:32:43
1733624236;12314;2021-05-05 12:30:02
1971727162;20030;2022-01-12 06:11:31
2010110156;20046;2022-02-17 05:36:36
2098641988;20077;2022-05-16 10:27:11
3029019062;20793;2025-02-25 14:49:42
1841650765;19971;2021-08-24 10:57:30
2515599553;20230;2023-06-26 13:52:53
1796886178;19921;2021-07-07 01:28:20
1320799894;19590;2020-01-20 14:19:05
1273372848;19536;2019-11-14 06:47:19
1608639294;19815;2020-12-24 09:03:49
1891426867;19995;2021-10-15 13:25:39
3187415222;20874;2025-10-23 09:18:48
1691624526;19876;2021-03-25 05:02:04
2660342108;20571;2023-11-29 09:59:59
896927663;19348;2018-07-24 09:58:48
1208569171;19502;2019-08-22 10:24:37
1642032845;19852;2021-02-02 07:24:20
1186539094;19493;2019-07-25 01:32:59
2692102468;20603;2024-01-05 07:27:53
1959170455;20021;2021-12-28 09:23:49
3186690725;20872;2025-10-22 07:28:37
511507870;19192;2016-11-08 17:43:41
536598461;19200;2016-12-28 13:17:10
3105495388;20831;2025-06-13 15:15:06
1790277041;19918;2021-06-29 14:11:36
3187380528;20873;2025-10-23 07:22:33
1316005786;19578;2020-01-14 13:02:03
1315010266;19573;2020-01-13 10:27:03
2652625152;20557;2023-11-20 05:06:20
1443299305;19705;2020-06-15 08:22:56
1754414634;19902;2021-05-25 09:27:14
3161495462;20865;2025-09-10 07:30:54
2720922163;20648;2024-02-06 09:10:20
1749569423;12310;2021-05-20 07:12:43
1887742966;19993;2021-10-12 12:01:09
566029990;19203;2017-02-21 14:24:53
1230324931;19512;2019-09-20 08:42:00
1775941212;19910;2021-06-15 01:32:18
2727198297;20662;2024-02-13 08:23:02
2701285856;20620;2024-01-16 11:17:25
1287148847;19541;2019-12-02 11:03:54
3152743358;20854;2025-08-26 07:44:19
2771991105;20693;2024-04-03 07:53:06
3145780078;20850;2025-08-14 07:07:06
2181347805;20113;2022-08-02 12:24:19
3178807850;20871;2025-10-08 12:32:19
2885700606;20740;2024-08-21 13:02:07
3093249070;20826;2025-05-27 07:44:39
2911360798;20751;2024-09-24 08:35:15
3072929749;20818;2025-04-28 09:03:44
2936819352;20761;2024-10-28 09:00:16
3174332863;20870;2025-10-01 08:02:06
1605488953;19811;2020-12-21 14:00:32
1726840262;19892;2021-04-29 02:16:06
2997047326;20778;2025-01-15 08:42:05
3156671400;20858;2025-09-02 08:09:22
417515944;19149;2016-05-09 14:35:45
1837328317;19968;2021-08-19 08:14:03
1818231499;19938;2021-07-30 08:49:09
3113110594;20836;2025-06-25 07:51:42
2664193217;20588;2023-12-04 14:55:22
1022530352;19417;2019-01-09 07:36:13
839146855;19319;2018-05-01 07:59:51
2557678439;20522;2023-08-08 09:58:07
1766629438;19906;2021-06-07 06:15:32
1446130268;19710;2020-06-18 09:27:43
1443273759;19704;2020-06-15 07:43:44
1554159903;19789;2020-10-23 08:07:40
2511013932;20228;2023-06-21 13:02:43
3169131324;20868;2025-09-23 09:18:23
1236823920;19516;2019-09-30 08:26:35
2934710739;20760;2024-10-24 12:19:40
1155791981;19471;2019-06-18 09:10:51
3169190237;20869;2025-09-23 12:26:35
2016231670;20050;2022-02-23 06:40:36
3161546733;20866;2025-09-10 10:22:08
2354943003;20180;2023-01-24 15:10:38
3062282811;20814;2025-04-14 08:05:24
1245878144;19524;2019-10-10 08:07:09
3100764686;20830;2025-06-06 14:49:57
1102732016;19443;2019-04-11 11:47:13
3038513891;20805;2025-03-11 08:45:23
2727192535;20661;2024-02-13 08:18:23
3051805260;20811;2025-03-31 07:15:15
1146785735;19461;2019-06-06 07:17:53
3032805680;20797;2025-03-03 08:21:12
1556317186;19793;2020-10-26 14:01:18
1226568156;19510;2019-09-16 09:44:43
939152816;19376;2018-09-20 11:36:06
2259666650;20141;2022-10-17 08:43:28
1230453885;19513;2019-09-20 12:25:30
2712557814;20642;2024-01-29 14:31:07
890279213;19343;2018-07-12 08:27:06
2452847041;20209;2023-04-24 14:08:05
2932747381;20758;2024-10-22 07:40:12
2911303876;20750;2024-09-24 06:56:47
308750466;8215;2015-08-13 14:44:06
3161556926;20867;2025-09-10 10:51:49
2748828592;20671;2024-03-06 14:18:13
2600616117;20536;2023-09-22 06:44:16
914999661;19359;2018-08-17 12:33:32
3157533639;20859;2025-09-03 10:19:35
2765462793;20686;2024-03-26 09:31:57
3037693899;20804;2025-03-10 09:56:50
2568140105;20526;2023-08-18 11:15:37
3160013730;20862;2025-09-08 07:33:11
3160168155;20863;2025-09-08 12:43:28
3158967297;20861;2025-09-05 08:01:13
2501273573;20220;2023-06-12 13:33:34
3038514607;20806;2025-03-11 08:48:22
2805628736;20708;2024-05-13 13:13:37
3080320201;20819;2025-05-07 08:22:15
3030596073;20796;2025-02-27 14:47:15
3131671897;20844;2025-07-23 12:18:34
1462111057;19727;2020-07-07 03:37:40
3158274268;20860;2025-09-04 10:42:00
2560293618;20524;2023-08-10 14:27:54
3149305775;20851;2025-08-20 08:13:20
2836898799;20719;2024-06-20 07:29:21
3035470786;20802;2025-03-06 10:03:53
1419233027;19687;2020-05-18 08:29:34
1828590787;19952;2021-08-10 16:28:27
914855447;19357;2018-08-17 07:03:15
3143492778;20847;2025-08-11 07:52:48
2811706117;20709;2024-05-20 12:14:01
3154252085;20857;2025-08-28 10:21:12
2672232679;20598;2023-12-13 13:35:06
3033600498;20799;2025-03-04 08:35:06
2660340231;20574;2023-11-29 09:54:02
3037690860;20803;2025-03-10 09:48:34
1503648334;19753;2020-08-27 14:51:23
3108468216;20832;2025-06-18 11:42:21
1621254961;19835;2021-01-12 06:39:51
3119893721;20839;2025-07-04 09:06:57
3153658182;20855;2025-08-27 14:21:12
3069484983;20815;2025-04-23 12:22:03
2486348708;20213;2023-05-29 08:41:25
3047120693;20809;2025-03-24 08:12:25
1078707826;19439;2019-03-14 14:57:08
3117224964;20838;2025-07-01 14:35:04
942468574;19377;2018-09-25 07:18:55
1835057169;19960;2021-08-17 07:26:19
2543211055;20247;2023-07-25 01:13:08
1474721616;19735;2020-07-22 13:10:56
2302790938;20156;2022-11-29 10:55:20
1506494629;19754;2020-08-31 06:05:57
2970832798;20769;2024-12-11 08:51:22
3032828620;20798;2025-03-03 09:40:41
308750105;10227;2015-08-13 14:43:57
3058962360;20813;2025-04-09 08:47:06
1818253679;19940;2021-07-30 09:34:47
3125998686;20842;2025-07-15 07:10:13
2849976402;20725;2024-07-08 13:23:29
3114931777;20837;2025-06-27 08:03:35
1404227468;19674;2020-04-30 10:18:52
3125245829;20841;2025-07-14 08:56:48
2887578431;20741;2024-08-23 08:28:33
3145080641;20849;2025-08-13 11:19:56
1445309646;19708;2020-06-17 11:57:14
3071379787;20817;2025-04-25 15:34:00
1836727867;19967;2021-08-18 17:13:00
1803521068;19926;2021-07-14 08:03:20
2838061728;20721;2024-06-21 13:30:42
3082094397;20820;2025-05-09 08:04:41
2229079686;20124;2022-09-19 06:18:59
3112263771;20835;2025-06-24 08:18:47
2660430361;20579;2023-11-29 13:29:53
3049647776;20810;2025-03-27 02:33:35
2791543420;20701;2024-04-26 09:21:31
3128605269;20843;2025-07-18 08:41:03
2610215198;20541;2023-10-03 14:05:34
3135179387;20845;2025-07-29 07:21:59
1799285807;19922;2021-07-09 08:00:07
3030431007;20795;2025-02-27 10:49:46
3093293037;20827;2025-05-27 10:31:53
3144273613;20848;2025-08-12 09:58:48
2664148991;20587;2023-12-04 13:55:56
3151983726;20853;2025-08-25 07:21:06
2656956040;20565;2023-11-24 12:54:35
3154201561;20856;2025-08-28 07:18:03
2661668807;20580;2023-11-30 18:06:37
3139260499;20846;2025-08-04 14:48:11
2730471079;20664;2024-02-16 11:15:35
1179742745;19488;2019-07-16 11:49:09
972133950;19393;2018-10-29 14:43:28
3039401895;20807;2025-03-12 10:52:04
2660382921;20576;2023-11-29 11:29:06
3033659970;20800;2025-03-04 10:05:23
1446158974;19711;2020-06-18 10:28:20
3110087521;20834;2025-06-20 10:59:35
3054499147;20812;2025-04-03 12:29:48
3120935398;20840;2025-07-07 10:51:04
2368362800;20186;2023-02-06 11:02:49
3034605346;20801;2025-03-05 11:08:18
563668415;19202;2017-02-17 11:38:30
3108528493;20833;2025-06-18 13:47:18
2308796988;20158;2022-12-05 09:44:29
1351127956;19620;2020-02-24 13:52:51
2733329748;20665;2024-02-20 15:16:13
384560421;19135;2016-02-24 10:22:52
2791488421;20700;2024-04-26 07:25:53
1886233804;19991;2021-10-11 07:38:47
2900747775;20744;2024-09-10 09:59:29
308750090;9673;2015-08-13 14:43:57
959042334;19386;2018-10-17 14:30:58
1615042956;19825;2021-01-05 07:49:30
1245052851;19523;2019-10-09 09:48:12
1572953782;19796;2020-11-13 08:25:04
1887502084;19992;2021-10-12 03:13:50
2154748261;20104;2022-07-07 07:19:24
1963178894;20023;2022-01-03 08:54:58
1462468664;19728;2020-07-07 13:58:52
2446877943;20206;2023-04-18 11:43:25
3099899810;20829;2025-06-05 14:48:32
3083445332;20821;2025-05-12 10:16:11
417521602;19150;2016-05-09 14:47:58
2722295433;20653;2024-02-07 10:07:06
3089111886;20824;2025-05-20 08:03:03
2533642121;20240;2023-07-14 08:43:55
3071152060;20816;2025-04-25 07:30:02
2851083166;20727;2024-07-09 07:28:35
3086228785;20822;2025-05-15 08:16:13
2197119115;20118;2022-08-17 04:07:20
1627499395;19841;2021-01-18 14:50:49
1919090278;20004;2021-11-12 08:50:52
1395797879;19662;2020-04-20 14:01:24
1967700242;20027;2022-01-07 10:53:59
1446117785;19709;2020-06-18 09:07:16
2867740622;20731;2024-07-30 14:28:23
3097961248;20828;2025-06-03 08:05:16
1454781695;19719;2020-06-29 11:51:50
3029678006;20794;2025-02-26 09:31:05
2305590604;20157;2022-12-01 08:01:35
1874509272;12590;2021-09-28 13:36:24
2696093110;20610;2024-01-10 07:38:09
1463138483;19729;2020-07-08 08:11:45
1835067386;19962;2021-08-17 07:52:02
3040455724;20808;2025-03-13 16:05:58
1027951789;19422;2019-01-15 10:07:39
2657013474;20567;2023-11-24 15:05:13
1014120809;19415;2018-12-27 08:36:40
1766636897;19907;2021-06-07 06:29:39
1550524417;19783;2020-10-20 09:56:49
1124285510;19446;2019-05-08 14:24:01
2372098176;20188;2023-02-09 07:38:41
2378489352;20192;2023-02-15 15:15:37
2093973920;20076;2022-05-11 10:57:36
1728767161;19894;2021-04-30 10:49:05
1807837412;19930;2021-07-19 14:24:03
1971802777;20031;2022-01-12 09:10:03
1398385518;19666;2020-04-23 06:12:50
2116761699;20087;2022-06-03 08:29:23
1030017024;19423;2019-01-17 07:17:28
2656815639;20564;2023-11-24 06:39:16
1614243056;19824;2021-01-04 14:49:40
1897187525;19997;2021-10-21 13:45:52
2615934464;20542;2023-10-09 06:43:48
2026307950;20056;2022-03-04 15:07:56
752919552;19286;2017-12-31 21:32:51
1443357296;19706;2020-06-15 09:51:05
2788493543;20698;2024-04-23 10:01:22
1441486541;19703;2020-06-12 07:48:59
1638460928;19850;2021-01-29 09:12:52
1419281366;19688;2020-05-18 10:17:44
2229348595;20125;2022-09-19 13:44:33
1317815096;19583;2020-01-16 09:18:25
1679417319;19868;2021-03-12 13:46:03
2392343480;20198;2023-02-28 07:14:39
2392666943;20199;2023-02-28 14:43:54
1903838485;20002;2021-10-28 02:57:51
2511010881;20227;2023-06-21 12:56:35
1274548163;19538;2019-11-15 12:59:24
1475602818;19736;2020-07-23 09:21:19
2461941242;20212;2023-05-03 06:13:28
2656134867;20563;2023-11-23 09:12:03
1461523975;19726;2020-07-06 14:57:01
1458113506;19722;2020-07-02 05:20:38
673740647;19247;2017-09-01 08:20:31
1452063154;19717;2020-06-25 11:11:34
776825053;19296;2018-02-07 07:52:08
2488498071;20215;2023-05-31 03:10:51
2281914250;20148;2022-11-07 09:27:16
2653882582;20560;2023-11-21 10:31:52
2262952440;20143;2022-10-19 09:54:24
1459898926;19725;2020-07-03 14:58:14
1437550447;19701;2020-06-08 14:50:09
1889866229;19994;2021-10-14 01:30:00
396521210;19139;2016-03-21 14:23:48
1376929531;19640;2020-03-24 06:44:40
2159528339;20106;2022-07-12 14:16:10
1040787675;19427;2019-01-29 10:39:08
1897196047;19998;2021-10-21 13:56:00
3028149851;20792;2025-02-24 14:41:00
2973187040;20770;2024-12-12 08:37:48
1408730792;19678;2020-05-05 04:01:17
2245350724;20134;2022-10-04 02:14:53
1480302255;19739;2020-07-29 08:59:47
2358591507;20183;2023-01-27 02:38:05
466283404;19178;2016-08-15 15:06:06
1086611347;19440;2019-03-25 09:35:04
2417242436;20201;2023-03-21 01:37:43
1802297470;12470;2021-07-13 07:56:50
1611799671;19822;2020-12-30 14:29:27
1444260744;19707;2020-06-16 08:26:54
1469212092;19731;2020-07-15 14:35:57
999201050;19406;2018-12-06 08:55:49
1327774222;19599;2020-01-27 13:41:45
1373040365;19637;2020-03-19 06:06:39
521295347;19196;2016-11-25 12:35:38
2647800671;20554;2023-11-14 07:19:17
2152058725;20103;2022-07-05 07:42:47
2370818058;20187;2023-02-08 06:07:49
2129947795;20093;2022-06-16 08:23:27
2024674695;20055;2022-03-03 08:04:51
320645038;10707;2015-09-14 11:55:10
1409991961;19679;2020-05-06 12:06:24
2336609948;20170;2023-01-05 07:47:05
2294394277;20154;2022-11-18 13:33:22
2383399865;20194;2023-02-20 14:12:57
856092194;19326;2018-05-24 11:02:15
835709275;19318;2018-04-26 13:15:02
932135111;19368;2018-09-11 14:22:05
2110257942;20083;2022-05-27 14:53:10
2251424439;20138;2022-10-10 08:11:40
1330620006;19602;2020-01-30 11:59:58
2346411992;20178;2023-01-16 09:15:51
1552138508;19786;2020-10-21 13:19:13
1810970600;19931;2021-07-22 10:37:45
655614109;19238;2017-08-02 07:38:35
1456149951;19721;2020-06-30 12:24:07
1478356641;19737;2020-07-27 05:01:58
1656306682;19861;2021-02-17 11:52:50
3026594454;20791;2025-02-21 09:48:44
375837702;19126;2016-02-04 11:14:05
1334466425;19606;2020-02-04 09:55:37
914869139;19358;2018-08-17 07:41:55
2010118721;20047;2022-02-17 06:05:09
1155737282;19470;2019-06-18 07:34:57
3022639240;20789;2025-02-17 08:58:32
1836159108;19966;2021-08-18 06:37:25
1314995266;19571;2020-01-13 10:03:20
1390971155;19652;2020-04-14 04:16:44
1556055277;19791;2020-10-26 08:45:26
450467701;19170;2016-07-13 15:31:00
1606495854;19812;2020-12-22 03:10:50
1927961071;20010;2021-11-22 09:37:15
2230262821;20126;2022-09-20 02:13:56
2701260457;20619;2024-01-16 10:21:17
1022557520;19418;2019-01-09 08:09:58
1721301762;19889;2021-04-23 14:24:37
2700327031;20615;2024-01-15 12:13:46
2673074170;20599;2023-12-14 08:52:58
2754692215;20674;2024-03-13 11:11:03
1606778798;19813;2020-12-22 11:47:26
2704396555;20627;2024-01-19 10:20:39
2755813095;20675;2024-03-14 10:33:15
1988526741;20038;2022-01-27 06:51:05
599389864;19220;2017-04-21 10:38:35
2068890401;20070;2022-04-14 11:52:59
1836106003;19964;2021-08-18 02:36:50
936215303;19371;2018-09-17 07:36:38
377549435;19128;2016-02-08 16:41:11
363687925;19119;2016-01-07 13:22:32
434626670;19158;2016-06-14 12:46:39
1556112915;19792;2020-10-26 10:07:20
2878035427;20735;2024-08-12 07:44:36
1784495571;19915;2021-06-23 12:17:06
2914352045;20755;2024-09-27 12:22:18
1301498286;19556;2019-12-20 12:41:21
1602178752;19810;2020-12-17 04:51:34
2574736517;20528;2023-08-25 06:22:36
1318826535;19586;2020-01-17 07:41:23
583652278;19211;2017-03-23 11:04:25
2326461279;20163;2022-12-22 09:25:58
697766286;19261;2017-10-09 09:22:04
1701439305;19880;2021-04-05 06:43:24
1638452609;19849;2021-01-29 09:01:45
409648349;19147;2016-04-21 12:00:32
2267697349;20144;2022-10-24 11:02:56
978785446;19397;2018-11-07 11:41:08
2704567523;20629;2024-01-19 15:42:46
2368238046;20185;2023-02-06 06:22:11
2654792434;20561;2023-11-22 04:51:44
936222319;19373;2018-09-17 07:52:09
342263213;19107;2015-11-06 10:56:15
1042783101;19428;2019-01-31 07:19:21
2513573355;20229;2023-06-23 10:59:48
1984154604;20037;2022-01-24 09:39:39
1145890963;19460;2019-06-05 08:01:52
2766686709;20689;2024-03-27 15:39:23
2769799551;20692;2024-04-01 11:01:50
1317753399;19582;2020-01-16 07:24:36
1217571338;19507;2019-09-04 07:16:38
1026963402;19420;2019-01-14 08:17:23
1223541478;19509;2019-09-11 14:49:53
1303779769;19559;2019-12-25 10:25:29
3003876547;20779;2025-01-23 09:48:57
1448795127;19712;2020-06-22 08:06:03
747591517;19280;2017-12-20 11:57:55
1612538239;19823;2020-12-31 10:19:25
1834209157;19959;2021-08-16 15:15:24
2459676545;20211;2023-05-01 08:42:05
750093783;19284;2017-12-25 10:18:50
1749880539;19901;2021-05-20 12:55:19
3018466845;20787;2025-02-11 08:04:16
1620243992;19833;2021-01-11 12:02:09
1651058346;19857;2021-02-11 10:39:03
2509997312;20226;2023-06-20 16:58:14
1167023262;19480;2019-07-02 08:53:45
1266825184;19530;2019-11-06 08:44:17
1176902126;19487;2019-07-12 07:16:04
778415329;19298;2018-02-09 12:55:56
1398646239;19667;2020-04-23 14:00:39
2161768068;20107;2022-07-14 06:22:08
1169312184;19483;2019-07-04 08:40:17
578585542;19209;2017-03-14 15:48:01
1337808489;19609;2020-02-07 11:55:18
2702442095;20621;2024-01-17 14:40:49
1733620896;10885;2021-05-05 12:26:46
2723421794;20654;2024-02-08 09:13:21
685389266;19252;2017-09-19 14:17:20
2284673160;20152;2022-11-09 10:47:53
3023679676;20790;2025-02-18 08:36:32
1770552214;19909;2021-06-10 12:43:16
689534745;19255;2017-09-25 14:28:11
363693723;19120;2016-01-07 13:44:18
1158586627;19473;2019-06-21 09:14:24
463020338;19177;2016-08-08 07:59:49
1381522492;19642;2020-03-30 14:40:28
1438536717;19702;2020-06-09 13:46:05
997806822;19405;2018-12-04 13:03:14
1422524383;19689;2020-05-21 09:33:11
749061844;19283;2017-12-22 11:29:54
1316768668;19580;2020-01-15 08:41:54
1347339113;19615;2020-02-19 09:01:13
1629655565;19842;2021-01-20 00:58:23
1365832673;19633;2020-03-11 08:30:35
1621497770;19838;2021-01-12 13:48:36
2696202726;20611;2024-01-10 11:27:09
1784505545;19916;2021-06-23 12:32:07
1702654479;19882;2021-04-06 11:06:16
1507709412;19757;2020-09-01 08:59:41
1556048019;19790;2020-10-26 08:34:06
1510895743;19760;2020-09-04 10:14:18
1824761805;19947;2021-08-06 07:13:19
1506636629;19755;2020-08-31 10:15:59
784362105;19300;2018-02-19 07:12:38
1955701218;20019;2021-12-22 14:03:13
1949247818;20015;2021-12-15 02:49:44
1303959707;19560;2019-12-26 09:05:24
2261749541;20142;2022-10-18 15:08:59
2143334110;20101;2022-06-28 03:41:19
1324375403;19595;2020-01-23 07:28:15
1205684018;19499;2019-08-19 06:59:22
936207652;19370;2018-09-17 07:19:56
308750172;9672;2015-08-13 14:43:59
2705977045;20630;2024-01-22 12:30:24
2763063103;20685;2024-03-22 14:31:38
1611523337;19821;2020-12-30 01:30:29
2538091287;20245;2023-07-19 14:45:13
682657665;19251;2017-09-14 15:31:06
1813748686;19932;2021-07-26 09:35:51
1728269049;19893;2021-04-30 01:21:01
1655192944;19859;2021-02-16 11:55:38
1620420225;19834;2021-01-11 14:43:39
2665175029;20592;2023-12-05 13:04:09
2553274443;20249;2023-08-03 08:46:29
2665072373;20589;2023-12-05 08:57:22
308750349;8896;2015-08-13 14:44:03
2173442318;20111;2022-07-26 12:25:26
2211051459;20121;2022-08-31 09:09:24
1215885194;19505;2019-09-02 07:41:41
840893406;19320;2018-05-03 08:40:39
2459671053;20210;2023-05-01 08:17:59
2727202892;20663;2024-02-13 08:26:43
2817541827;20710;2024-05-27 14:15:19
718061682;19272;2017-11-08 09:54:59
1320813222;19591;2020-01-20 14:28:03
1973022683;20032;2022-01-13 08:23:36
1814969991;19936;2021-07-27 10:36:48
2836005479;20717;2024-06-19 08:44:16
1147109483;19462;2019-06-06 14:42:59
1799308426;19923;2021-07-09 08:31:06
747598611;19281;2017-12-20 12:15:04
1824881850;19948;2021-08-06 09:54:07
926038484;19364;2018-09-03 07:57:42
2607358366;20538;2023-09-29 07:24:26
2880234202;20738;2024-08-14 11:07:54
936287624;19375;2018-09-17 10:07:23
1554139549;19788;2020-10-23 07:24:35
1805705969;19929;2021-07-16 08:16:58
1829278688;19955;2021-08-11 03:18:44
1976526110;20035;2022-01-17 14:12:09
881978711;19335;2018-06-29 07:51:47
2068718968;20069;2022-04-14 05:18:00
2339662182;20172;2023-01-09 13:16:51
1303263772;19558;2019-12-24 07:10:09
1608686575;19816;2020-12-24 11:22:17
309999754;7930;2015-08-17 12:50:01
2837932386;20720;2024-06-21 08:28:56
1310760981;19568;2020-01-07 11:14:46
906777980;19353;2018-08-07 07:52:52
1494795002;19750;2020-08-17 11:53:43
1431193607;19695;2020-06-01 12:35:53
1452054240;19716;2020-06-25 11:01:40
1473553117;19734;2020-07-21 04:09:29
1493038013;19749;2020-08-14 08:18:45
3007347985;20783;2025-01-28 08:34:39
1618319688;19830;2021-01-08 12:00:57
2704393052;20625;2024-01-19 10:08:59
473667429;19180;2016-08-30 15:54:37
2071115914;20071;2022-04-18 06:14:48
1871530943;19980;2021-09-24 13:19:49
2665171567;20591;2023-12-05 13:00:03
2618136315;20543;2023-10-11 12:08:45
2658431617;20570;2023-11-27 17:04:28
2937755053;20762;2024-10-29 10:29:42
2490086014;20216;2023-06-01 12:09:53
377971529;19130;2016-02-09 12:19:27
395126926;19138;2016-03-17 10:10:21
1166994218;19479;2019-07-02 08:19:04
1144871810;19459;2019-06-04 07:41:27
1242865636;19521;2019-10-07 08:14:24
2693949534;20606;2024-01-08 14:29:34
982486747;19399;2018-11-13 07:33:10
1830970641;19958;2021-08-12 14:16:39
1427173560;19692;2020-05-27 09:20:38
1627479582;19840;2021-01-18 14:42:52
1359739695;19630;2020-03-05 08:41:14
522884331;19197;2016-11-28 14:00:56
1060947939;19435;2019-02-21 07:37:46
1321456749;19592;2020-01-21 07:30:52
2706985658;20632;2024-01-23 08:48:21
2691086588;20602;2024-01-04 07:19:14
1005714380;19413;2018-12-14 11:44:22
2660415746;20578;2023-11-29 12:53:30
2866721081;20730;2024-07-29 14:27:16
2797615199;20702;2024-05-03 13:57:42
992319236;19402;2018-11-27 08:40:32
1381549267;19643;2020-03-30 15:12:35
426070935;19155;2016-05-27 14:25:40
1211957739;19503;2019-08-27 13:08:55
2724661689;20658;2024-02-09 11:22:26
1428189629;19693;2020-05-28 08:59:31
2667415219;20595;2023-12-07 11:17:37
1480329961;19741;2020-07-29 09:55:20
1550490801;19782;2020-10-20 08:38:20
1720986714;19888;2021-04-23 06:50:27
1635276830;19847;2021-01-26 07:46:00
1898348645;20000;2021-10-22 14:24:21
1969578649;20028;2022-01-10 08:29:15
1131488193;19451;2019-05-17 12:14:35
481712838;19183;2016-09-15 08:44:48
2030108115;20058;2022-03-08 14:31:56
2752557034;20673;2024-03-11 12:40:46
2204432962;20119;2022-08-24 14:18:00
2086087519;20075;2022-05-03 09:40:41
3018528628;20788;2025-02-11 10:39:46
1596902733;19809;2020-12-11 09:01:47
517581120;19194;2016-11-18 15:49:43
719023290;19273;2017-11-09 14:44:27
734377688;19278;2017-11-29 15:14:46
444780517;19164;2016-07-01 12:16:35
1546353730;19781;2020-10-15 07:02:03
1485258790;19745;2020-08-04 13:11:02
1530064625;19768;2020-09-28 10:15:24
786007836;19302;2018-02-21 08:14:33
1631094389;19843;2021-01-21 05:05:56
1801291939;19925;2021-07-12 08:58:09
1805698402;19928;2021-07-16 08:09:07
1393803262;19657;2020-04-17 12:46:44
1883173456;19989;2021-10-07 08:21:14
1401629936;19670;2020-04-27 14:35:15
1434290730;19698;2020-06-04 10:13:55
1416377375;19683;2020-05-14 08:21:31
748355438;19282;2017-12-21 08:18:24
2799258069;20703;2024-05-06 07:33:21
1046336077;19431;2019-02-04 09:43:04
2799273043;20704;2024-05-06 08:08:59
1244005112;19522;2019-10-08 09:35:57
1139617627;19456;2019-05-28 09:31:32
2876490536;20734;2024-08-09 08:19:09
2906396093;20749;2024-09-17 07:53:14
1876586006;19985;2021-09-30 01:26:19
926671994;19365;2018-09-04 07:30:32
566031195;8963;2017-02-21 14:27:31
2824093846;20712;2024-06-04 14:24:26
2954288981;20764;2024-11-19 10:53:51
2912534741;20752;2024-09-25 09:57:55
489385316;19185;2016-09-30 08:15:16
2873465449;20733;2024-08-06 14:07:54
491724231;19188;2016-10-05 15:40:45
1539277366;19774;2020-10-07 07:50:03
1360952854;19631;2020-03-06 08:07:18
2127223408;20092;2022-06-14 15:03:59
1575714058;19799;2020-11-17 08:15:29
1610706983;19819;2020-12-29 07:31:07
1734694960;19895;2021-05-06 06:07:57
2120157399;20089;2022-06-07 09:06:14
2696084916;20609;2024-01-10 07:11:12
1789914406;19917;2021-06-29 06:48:23
853168142;19323;2018-05-21 08:10:32
2236565904;20130;2022-09-26 09:03:24
2216802116;20122;2022-09-06 14:23:28
2236653692;20131;2022-09-26 12:29:51
2673075461;20600;2023-12-14 08:58:12
2519136056;20234;2023-06-29 07:21:32
2693691122;20604;2024-01-08 06:28:46
1044088886;19429;2019-02-01 08:26:42
1343674326;19614;2020-02-14 10:13:56
926008661;19363;2018-09-03 07:17:47
701249163;19265;2017-10-13 10:59:53
782335265;19299;2018-02-15 07:44:07
2894447576;20742;2024-09-02 09:37:21
1315939548;19576;2020-01-14 11:07:58
1351729244;19621;2020-02-25 04:30:34
1334235443;19604;2020-02-04 02:42:11
1640738579;19851;2021-02-01 09:10:05
1480307847;19740;2020-07-29 09:11:41
522887755;19198;2016-11-28 14:09:23
1395609530;19658;2020-04-20 08:41:08
802810822;19310;2018-03-14 09:44:15
1565628293;19795;2020-11-05 08:44:08
1841655655;19972;2021-08-24 11:12:52
2697205717;20612;2024-01-11 06:51:19
439256769;19161;2016-06-22 14:14:26
2716687230;20644;2024-02-01 12:56:47
2698566370;20614;2024-01-12 15:39:38
308750244;9032;2015-08-13 14:44:01
1689641200;19873;2021-03-23 14:07:59
2982049655;20774;2024-12-24 08:07:41
2600758020;20537;2023-09-22 12:11:57
2340634710;20173;2023-01-10 06:32:56
2336514959;20169;2023-01-05 02:42:05
2914256636;20754;2024-09-27 09:55:50
637613478;19234;2017-07-04 09:41:12
354079228;19111;2015-12-08 09:36:24
2486350354;20214;2023-05-29 08:48:33
887774472;19339;2018-07-09 08:53:00
1186506092;19492;2019-07-25 00:20:44
2624142534;20545;2023-10-18 06:05:03
1161710506;19475;2019-06-25 12:12:04
1049660158;19432;2019-02-07 11:30:00
1401445132;19669;2020-04-27 09:17:42
1014440675;19416;2018-12-27 14:37:23
797929376;19305;2018-03-07 08:22:18
887766498;19338;2018-07-09 08:33:34
1617187940;19829;2021-01-07 10:01:42
1386729753;19645;2020-04-07 03:43:57
1459720241;19724;2020-07-03 11:47:35
1544255258;19777;2020-10-13 10:30:48
1538131647;19772;2020-10-06 10:03:55
1621282036;19836;2021-01-12 07:13:26
599399888;19221;2017-04-21 11:00:54
1739660694;19897;2021-05-11 00:50:09
1761288100;19905;2021-06-01 14:18:06
1736212646;19896;2021-05-07 13:33:02
874651744;19331;2018-06-19 10:44:24
2020784815;20051;2022-02-28 10:18:26
2497942597;20219;2023-06-08 05:42:08
2383310424;20193;2023-02-20 11:46:55
2354852002;20179;2023-01-24 13:52:56
1241304637;19520;2019-10-04 13:09:49
308750266;8951;2015-08-13 14:44:01
2855761598;20728;2024-07-15 09:00:34
1139537957;19455;2019-05-28 07:18:55
2835174714;20716;2024-06-18 12:48:31
308750257;9370;2015-08-13 14:44:01
763534662;19293;2018-01-17 08:39:46
1180515879;19489;2019-07-17 08:24:01
926680359;19366;2018-09-04 07:47:36
1473546807;19733;2020-07-21 03:34:56
1733621173;18846;2021-05-05 12:27:07
1434299690;19699;2020-06-04 10:30:27
3014909132;20786;2025-02-06 10:26:39
357032072;19114;2015-12-15 15:12:13
2334405904;20168;2023-01-03 13:59:51
861183399;19329;2018-05-31 07:59:38
1873153943;19981;2021-09-27 08:15:03
1402082908;19671;2020-04-28 03:54:40
626099339;19230;2017-06-12 10:59:56
1874551912;19982;2021-09-28 14:08:36
1970788736;20029;2022-01-11 12:52:49
2051135347;20064;2022-03-28 05:18:26
2236562357;20129;2022-09-26 08:52:36
2194688516;20116;2022-08-15 08:34:17
2378413593;20191;2023-02-15 14:11:06
2237785309;20132;2022-09-27 08:26:39
2990265299;20775;2025-01-07 08:27:18
308750338;8831;2015-08-13 14:44:03
2506459885;20222;2023-06-16 03:12:23
308750138;7738;2015-08-13 14:43:58
1027030965;19421;2019-01-14 10:37:47
867043596;19330;2018-06-08 09:11:03
983402297;19400;2018-11-14 08:15:48
390026559;19137;2016-03-07 11:27:05
896911654;19347;2018-07-24 09:31:10
1003736876;19410;2018-12-12 07:15:59
1305607393;19565;2019-12-30 12:02:38
1454920833;19720;2020-06-29 13:47:49
1852488334;19976;2021-09-03 14:50:17
1934698307;20013;2021-11-30 13:40:56
1231745388;19514;2019-09-23 09:24:46
1651953091;19858;2021-02-12 06:59:51
1724493487;19890;2021-04-27 13:09:32
802994600;19311;2018-03-14 14:45:23
3007346218;20782;2025-01-28 08:28:34
1227864937;19511;2019-09-17 14:58:16
2560287726;20523;2023-08-10 14:22:05
889491585;19342;2018-07-11 08:44:07
1036568282;19426;2019-01-24 11:11:28
2515608072;20231;2023-06-26 14:00:11
359052207;19115;2015-12-21 15:36:30
308750404;8519;2015-08-13 14:44:05
308750324;8735;2015-08-13 14:44:03
1371914734;19636;2020-03-18 09:13:06
758734736;19292;2018-01-10 09:33:08
1392894258;19655;2020-04-16 08:42:00
1544365007;19778;2020-10-13 13:02:44
1288122190;19542;2019-12-03 08:01:58
2074748746;20074;2022-04-21 06:46:54
610680398;19225;2017-05-11 10:15:05
2654910568;20561;2023-11-22 10:12:57
752919940;19287;2017-12-31 21:38:07
3011938367;20785;2025-02-03 09:51:06
2755859299;20676;2024-03-14 11:44:09
2665072381;20589;2023-12-05 08:57:23
2880126884;20737;2024-08-14 07:31:36
1388438760;19647;2020-04-09 05:11:07
408102095;19143;2016-04-18 07:41:52
1402084747;19672;2020-04-28 04:07:40
1492176633;19748;2020-08-13 11:06:18
1478364286;19738;2020-07-27 05:34:05
1186501653;19491;2019-07-25 00:08:56
1925983539;20008;2021-11-19 08:44:10
567527193;19204;2017-02-23 14:33:21
1320554518;19589;2020-01-20 07:05:59
2159284144;20105;2022-07-12 08:24:49
2929512819;20757;2024-10-17 07:57:06
1417252668;19684;2020-05-15 04:10:44
571636164;19206;2017-03-02 12:23:22
1197655466;19495;2019-08-08 07:36:59
322375609;9852;2015-09-18 08:15:02
2662376286;20583;2023-12-01 12:38:26
1423579396;19690;2020-05-22 08:40:30
1879912291;19987;2021-10-04 14:59:33
1259497913;19529;2019-10-28 07:51:20
1961217483;20022;2021-12-30 08:50:56
887703695;19337;2018-07-09 06:47:37
2980215000;20773;2024-12-20 10:58:49
1958342560;20020;2021-12-27 05:51:20
2839592059;20722;2024-06-24 13:53:18
349729869;7523;2015-11-25 16:15:18
1648879546;19855;2021-02-09 14:29:06
2921236951;20756;2024-10-07 12:06:18
308750230;9584;2015-08-13 14:44:00
1391866989;19654;2020-04-15 08:14:54
1403439714;19673;2020-04-29 13:35:22
2061301853;20067;2022-04-06 12:45:34
408160377;19144;2016-04-18 10:45:18
1769398667;19908;2021-06-09 12:03:36
1799538064;19924;2021-07-09 14:26:49
1820453075;19942;2021-08-02 09:08:16
2704394788;20626;2024-01-19 10:14:17
717567116;19271;2017-11-07 15:06:15
2506602389;20224;2023-06-16 10:06:52
1358788838;19629;2020-03-04 08:33:52
439674763;19162;2016-06-23 10:12:03
1502551212;19752;2020-08-26 13:32:30
3006399895;20781;2025-01-27 08:24:45
2529565865;20238;2023-07-11 13:32:31
1025373236;19419;2019-01-11 07:38:24
387383895;19136;2016-03-01 12:50:04
1824887437;19949;2021-08-06 10:02:15
1829461980;19956;2021-08-11 08:54:08
2248260164;20137;2022-10-06 14:20:30
3008738503;20784;2025-01-29 14:36:31
1205941974;19500;2019-08-19 13:57:31
2014939722;20049;2022-02-22 02:44:06
1588719556;19805;2020-12-02 11:30:24
422687158;19153;2016-05-20 12:39:05
1431176337;19694;2020-06-01 12:12:21
2708195999;20636;2024-01-24 11:48:06
1993202061;20041;2022-02-01 09:50:29
1391820298;19653;2020-04-15 05:32:46
958791148;19385;2018-10-17 06:59:22
2099792150;20078;2022-05-17 05:57:10
1506755280;19756;2020-08-31 13:13:52
1147857726;19463;2019-06-07 09:31:01
936221829;19372;2018-09-17 07:50:52
2652784385;20559;2023-11-20 11:37:35
798733999;19309;2018-03-08 08:16:36
1241131818;19519;2019-10-04 09:11:44
1524345950;19766;2020-09-21 07:34:38
2449337711;20208;2023-04-20 06:27:15
413246044;19148;2016-04-29 10:50:23
1147880898;19464;2019-06-07 10:08:38
959054427;19387;2018-10-17 14:49:27
1340214782;19611;2020-02-11 01:57:04
1046264823;19430;2019-02-04 07:44:16
2106729969;20080;2022-05-24 08:50:35
2105584439;20079;2022-05-23 09:53:40
1241044883;19518;2019-10-04 07:29:44
2775736884;20695;2024-04-08 08:27:32
2551922304;20248;2023-08-02 08:03:56
1817186104;19937;2021-07-29 07:49:46
2658040853;20568;2023-11-27 06:51:32
308750374;8632;2015-08-13 14:44:04
308750292;9146;2015-08-13 14:44:02
436675150;19160;2016-06-17 13:43:02
1615192142;19826;2021-01-05 12:02:48
1297763884;19553;2019-12-16 07:38:46
366189252;19122;2016-01-13 16:25:57
334757096;19101;2015-10-19 12:39:35
311698920;10481;2015-08-21 07:56:21
1835405933;19963;2021-08-17 15:30:52
2940393878;20763;2024-11-01 09:24:08
2765554555;20688;2024-03-26 12:46:13
2225183396;20123;2022-09-14 14:37:14
451133650;19172;2016-07-14 15:17:19
2759800250;20680;2024-03-19 15:05:18
1322817286;19594;2020-01-22 07:40:43
2646678050;20553;2023-11-13 05:00:37
477929626;19181;2016-09-08 09:51:04
1615299107;19827;2021-01-05 13:56:02
1305569094;19564;2019-12-30 10:42:04
1856205188;19977;2021-09-08 11:33:28
2259656514;20140;2022-10-17 08:24:54
2309992456;20160;2022-12-06 09:24:37
2670974989;20597;2023-12-12 05:59:05
716814005;19270;2017-11-06 13:18:55
1631298371;19844;2021-01-21 10:46:58
2247954108;20136;2022-10-06 08:25:13
1912137966;20003;2021-11-05 10:03:53
1610716703;19820;2020-12-29 08:13:16
2740770884;20667;2024-02-28 10:14:03
2564204994;20525;2023-08-15 06:22:52
2634485224;20549;2023-10-30 13:42:23
1395632265;19661;2020-04-20 10:01:45
2609045806;20540;2023-10-02 08:38:04
1004768083;19412;2018-12-13 07:44:54
583792620;19212;2017-03-23 15:44:30
1276039969;19539;2019-11-18 08:14:53
567590966;19205;2017-02-23 15:48:22
1397832540;19665;2020-04-22 14:57:09
2726325745;20659;2024-02-12 15:14:22
2058508933;20066;2022-04-04 05:56:32
883179604;19336;2018-07-02 06:54:55
1189659490;19494;2019-07-30 00:20:20
2506786876;20225;2023-06-16 14:27:40
3004834003;20780;2025-01-24 08:22:35
2506594017;20223;2023-06-16 09:35:27
1077533512;19438;2019-03-13 14:26:32
1588683263;19804;2020-12-02 10:21:55
1620145596;19831;2021-01-11 09:39:43
2666244255;20594;2023-12-06 11:40:49
2065235687;20068;2022-04-11 11:33:19
1782588232;19914;2021-06-22 01:02:34
313820926;10631;2015-08-27 11:43:19
330728728;11301;2015-10-08 09:40:00
446427999;19166;2016-07-05 15:47:22
2290469859;20153;2022-11-15 13:40:34
1826812694;19950;2021-08-09 07:55:51
352072152;19110;2015-12-02 14:18:24
449681452;19169;2016-07-12 11:40:55
2186914419;20114;2022-08-08 09:14:21
1581564791;19801;2020-11-24 09:48:46
2448186516;20207;2023-04-19 06:47:11
1704936050;19883;2021-04-08 09:25:19
2209749051;20120;2022-08-30 09:17:50
511473145;19190;2016-11-08 16:58:03
701913426;19266;2017-10-14 17:17:02
1743140069;19899;2021-05-14 01:42:36
2660434992;20579;2023-11-29 13:37:56
2180067564;20112;2022-08-01 11:06:38
2230315801;20127;2022-09-20 05:07:23
2656958328;20566;2023-11-24 13:00:51
1198634314;19496;2019-08-09 09:13:54
1465214877;19730;2020-07-10 09:36:30
964296953;19391;2018-10-24 10:25:35
2664148561;20587;2023-12-04 13:55:12
1161518534;19474;2019-06-25 07:11:00
753506169;19288;2018-01-02 13:23:09
2357458740;20182;2023-01-26 11:12:37
1382086211;19644;2020-03-31 06:11:09
2727189468;20660;2024-02-13 08:15:00
2979349390;20771;2024-12-19 11:01:56
2841467387;20723;2024-06-26 07:45:27
699662301;19263;2017-10-11 14:35:38
1877942397;19986;2021-10-01 12:19:13
2108007908;20082;2022-05-25 10:16:58
1304021557;19562;2019-12-26 14:06:06
673821293;19248;2017-09-01 10:35:54
1307884563;19566;2020-01-03 05:04:50
2023699808;20054;2022-03-02 15:15:18
2164906348;20109;2022-07-18 08:40:48
1835060672;19961;2021-08-17 07:33:05
2902729416;20746;2024-09-12 07:06:54
972958045;19394;2018-10-30 11:15:06
2630377753;20546;2023-10-25 07:14:41
2722291367;20651;2024-02-07 09:54:45
2636615199;9009;2023-11-01 08:37:23
2849981795;20726;2024-07-08 13:31:24
1350916523;19619;2020-02-24 09:05:20
2112818508;20085;2022-05-31 12:00:20
585980027;19213;2017-03-28 13:59:03
1923658185;20007;2021-11-17 13:29:51
797934932;19306;2018-03-07 08:35:13
1518552996;19765;2020-09-14 14:50:12
1836152052;19965;2021-08-18 06:08:40
1875759521;19984;2021-09-29 14:34:43
2663823201;20585;2023-12-03 20:50:49
1586225811;19803;2020-11-30 09:34:00
308729584;1245;2015-08-13 14:21:41
1348384126;19618;2020-02-20 08:15:11
426892246;19156;2016-05-30 14:07:22
608861702;19224;2017-05-08 14:42:58
1623772797;19839;2021-01-14 07:47:56
489445649;19187;2016-09-30 10:02:18
2055041816;20065;2022-03-31 02:42:43
2041769507;20062;2022-03-18 06:38:08
368921241;19123;2016-01-19 13:25:50
308750383;8528;2015-08-13 14:44:04
1948143303;20014;2021-12-14 06:52:55
2641660973;20552;2023-11-07 07:30:31
435362158;19159;2016-06-15 13:01:07
2013646746;20048;2022-02-21 10:22:00
2801757597;20706;2024-05-08 10:26:25
2682263740;20601;2023-12-26 15:17:35
887859414;19340;2018-07-09 11:17:07
2162997251;20108;2022-07-15 08:26:38
366183674;19121;2016-01-13 16:07:44
1289304632;19546;2019-12-04 14:15:47
2724585079;20657;2024-02-09 08:50:37
634733686;19233;2017-06-28 14:11:24
2356177112;20181;2023-01-25 13:17:07
1270245852;19532;2019-11-11 08:27:31
2717667461;20645;2024-02-02 01:52:02
2724582720;20656;2024-02-09 08:47:21
1288211093;19543;2019-12-03 09:59:49
1695777013;19877;2021-03-30 09:09:21
1259491881;19528;2019-10-28 07:33:14
1823707256;19945;2021-08-05 07:19:33
722841669;19275;2017-11-15 10:52:26
1316728672;19579;2020-01-15 06:58:44
2391280693;20197;2023-02-27 13:48:07
2762896279;20681;2024-03-22 08:41:35
408203378;19145;2016-04-18 13:02:02
468543965;19179;2016-08-19 11:03:47
815835931;19314;2018-03-29 14:10:38
750950119;19285;2017-12-27 09:04:09
578554929;19207;2017-03-14 14:45:05
462229608;19175;2016-08-05 15:07:06
1562425271;19794;2020-11-02 07:10:10
1679246845;19867;2021-03-12 09:14:23
2656117452;20562;2023-11-23 08:56:28
1202847830;19498;2019-08-15 01:02:25
1272691949;19535;2019-11-13 13:58:48
1920980771;20005;2021-11-15 08:49:04
880346166;19334;2018-06-27 10:55:51
2717831177;20647;2024-02-02 10:38:26
2252866456;20139;2022-10-11 09:26:29
1551789496;19785;2020-10-21 05:57:15
1550531703;19784;2020-10-20 10:10:40
1488134819;19747;2020-08-07 12:59:01
732334615;19277;2017-11-27 06:45:40
2836186665;20718;2024-06-19 14:14:04
1329745513;19601;2020-01-29 13:12:10
2654910575;20561;2023-11-22 10:12:57
2660415270;20577;2023-11-29 12:52:43
1515578638;19762;2020-09-10 11:11:47
858790638;19327;2018-05-28 07:45:59
1218490066;19508;2019-09-05 09:12:46
1367793584;19634;2020-03-13 08:27:17
2705988677;20631;2024-01-22 12:59:30
308750394;8352;2015-08-13 14:44:04
2767527348;20690;2024-03-28 13:05:22
335857541;19103;2015-10-21 13:55:01
581718172;19210;2017-03-20 14:54:22
1313316955;19570;2020-01-10 07:43:23
310000018;747;2015-08-17 12:50:09
2372291415;20189;2023-02-09 13:35:34
1687991440;19872;2021-03-22 07:17:35
1363161024;19632;2020-03-09 09:13:26
2758753663;20678;2024-03-18 15:49:09
1414403856;19681;2020-05-12 09:11:54
1393785942;19656;2020-04-17 11:56:33
316028871;10633;2015-09-02 10:39:50
1898190712;19999;2021-10-22 10:44:02
1207735235;19501;2019-08-21 12:20:06
2746645567;20669;2024-03-04 14:54:31
2762896814;20682;2024-03-22 08:44:11
1339512097;19610;2020-02-10 13:50:28
2283297466;20151;2022-11-08 12:47:14
1543314591;19775;2020-10-12 12:39:17
1690669692;19875;2021-03-24 12:19:00
924453312;19362;2018-08-31 07:16:23
1644699711;19853;2021-02-04 12:47:49
308750079;10162;2015-08-13 14:43:56
1954414502;20017;2021-12-21 11:43:30
697753091;19260;2017-10-09 09:03:13
2533907354;20241;2023-07-14 15:14:27
2399193890;20200;2023-03-06 04:52:09
310471301;10511;2015-08-18 12:21:12
634515560;19232;2017-06-28 07:46:11
1433283767;19697;2020-06-03 10:26:03
382571314;19134;2016-02-19 11:28:28
645886952;19236;2017-07-17 11:31:26
899252721;19350;2018-07-27 08:37:05
2190034115;20115;2022-08-10 13:45:28
2884736562;20739;2024-08-20 08:21:06
1325840982;19597;2020-01-24 13:52:31
1488119615;19746;2020-08-07 12:35:34
1573038979;19797;2020-11-13 10:35:46
1050541467;19433;2019-02-08 07:18:36
2750019781;20672;2024-03-07 15:16:22
1830935058;19957;2021-08-12 13:52:00
2697221873;20613;2024-01-11 07:22:12
1317746090;19581;2020-01-16 07:11:47
1500390665;19751;2020-08-24 08:20:09
2722293831;20652;2024-02-07 10:00:16
1481264405;19742;2020-07-30 08:09:21
2992139656;20777;2025-01-09 08:14:17
2240327756;20133;2022-09-29 06:41:40
1414309266;19680;2020-05-12 04:18:01
1296234626;19551;2019-12-13 10:18:14
1318936739;19588;2020-01-17 10:04:54
1369565749;19635;2020-03-16 09:15:57
417532264;19151;2016-05-09 15:00:48
2340712942;20175;2023-01-10 08:57:31
1481422687;19743;2020-07-30 12:37:31
1649773596;19856;2021-02-10 08:02:27
1777347490;19912;2021-06-16 06:29:32
2990270274;20776;2025-01-07 08:48:12
2072399588;20072;2022-04-19 09:47:43
2036672054;20061;2022-03-14 15:08:32
2268993105;20145;2022-10-25 08:37:44
2664149708;20587;2023-12-04 13:57:33
308750449;8333;2015-08-13 14:44:06
1672443148;19865;2021-03-05 06:51:50
2283224736;20150;2022-11-08 09:54:50
981657474;19398;2018-11-12 07:48:58
308750062;7522;2015-08-13 14:43:56
705103006;19267;2017-10-19 10:11:36
2662348195;20582;2023-12-01 11:44:11
1867812140;19978;2021-09-21 11:57:35
1169265543;19482;2019-07-04 08:03:16
1435268115;19700;2020-06-05 09:53:06
1355047526;19626;2020-02-28 13:32:22
2384399918;20195;2023-02-21 05:27:57
906796682;19354;2018-08-07 08:19:29
1530083104;19769;2020-09-28 10:32:00
775230918;19295;2018-02-05 07:00:07
2700337016;20616;2024-01-15 12:38:53
1667479411;19863;2021-03-01 09:31:45
578571946;19208;2017-03-14 15:18:57
2706986497;20633;2024-01-23 08:51:49
2658431622;20570;2023-11-27 17:04:28
778240359;19297;2018-02-09 07:24:32
1482333705;19744;2020-07-31 09:03:51
1696813084;19878;2021-03-31 01:27:58
1823705049;19944;2021-08-05 07:10:31
586563229;19214;2017-03-29 11:18:08
2660347585;20575;2023-11-29 10:09:35
2031357129;20059;2022-03-09 09:34:54
2539234549;20246;2023-07-20 13:53:28
2658062356;20569;2023-11-27 08:05:44
2272579795;20147;2022-10-28 06:23:33
1267107504;19531;2019-11-06 14:34:02
2717669986;20646;2024-02-02 01:57:16
2870637455;20732;2024-08-02 09:55:23
947316706;19378;2018-10-01 14:57:05
518886978;19195;2016-11-21 15:23:39
308750314;8873;2015-08-13 14:44:02
1425604148;19691;2020-05-25 14:57:36
2693695822;20605;2024-01-08 06:38:02
1357754671;19628;2020-03-03 07:32:44
888786533;19341;2018-07-10 09:11:42
1395615670;19659;2020-04-20 09:03:23
629597328;19231;2017-06-19 11:59:23
1234743618;19515;2019-09-26 14:48:16
2730471084;20664;2024-02-16 11:15:36
2196065551;20117;2022-08-16 12:16:53
721775670;19274;2017-11-14 09:35:24
1512498330;19761;2020-09-07 12:24:45
316695866;10710;2015-09-03 14:29:59
784366204;19301;2018-02-19 07:26:15
360730475;19117;2015-12-28 11:27:26
1300574354;19555;2019-12-19 08:09:14
2831699789;20714;2024-06-13 11:28:49
1135304919;19452;2019-05-22 07:22:24
374688702;19125;2016-02-02 12:56:35
1003731676;19409;2018-12-12 07:05:10
1166084400;19478;2019-07-01 08:13:11
2785760875;20697;2024-04-19 07:49:32
341938798;19106;2015-11-05 15:08:53
1181293222;19490;2019-07-18 08:35:01
446239270;19165;2016-07-05 08:15:47
2703366100;20623;2024-01-18 11:53:24
2556594004;20251;2023-08-07 14:21:40
996663065;19404;2018-12-03 07:40:14
2849903228;20724;2024-07-08 10:11:52
670847931;19243;2017-08-28 11:13:25
1590855621;19807;2020-12-04 08:13:20
698605412;19262;2017-10-10 10:42:44
1880818035;19988;2021-10-05 09:08:49
2834161027;20715;2024-06-17 10:44:49
1127450842;19448;2019-05-13 07:47:18
1336540564;19608;2020-02-06 08:38:54
1328556640;19600;2020-01-28 08:23:55
359885261;19116;2015-12-23 12:36:38
1656245477;19860;2021-02-17 09:53:04
1926008776;20009;2021-11-19 09:38:18
1399472109;19668;2020-04-24 13:14:18
308750216;8319;2015-08-13 14:44:00
2115460926;20086;2022-06-02 09:31:26
420585465;19152;2016-05-16 14:14:45
2496557781;20218;2023-06-07 02:23:51
917841966;19360;2018-08-22 07:02:43
1294478389;19550;2019-12-11 09:09:36
2535427977;20242;2023-07-17 10:32:33
1963211206;20024;2022-01-03 10:16:32
792550787;19303;2018-03-01 08:04:29
2493630358;20217;2023-06-05 07:51:00
992312065;19401;2018-11-27 08:25:27
2532189180;20239;2023-07-13 09:41:17
1459387822;19723;2020-07-03 06:03:08
2768427561;20691;2024-03-29 13:18:46
1008345259;19414;2018-12-18 07:18:23
2900919284;20745;2024-09-10 14:38:22
1791004904;19919;2021-06-30 01:52:01
377999833;19131;2016-02-09 14:06:50
716804550;19269;2017-11-06 12:55:10
463012723;19176;2016-08-08 07:29:38
608706057;19222;2017-05-08 10:22:54
323063672;10469;2015-09-21 10:31:28
2902729948;20747;2024-09-12 07:10:30
1847445731;19974;2021-08-30 13:02:57
1683431210;19870;2021-03-17 00:53:12
896898927;19346;2018-07-24 08:56:19
1791157212;19920;2021-06-30 08:41:05
2324077125;20162;2022-12-20 07:56:16
2716517523;20643;2024-02-01 06:48:22
2703258318;20622;2024-01-18 06:54:44
1984076270;20036;2022-01-24 07:58:24
894363063;19344;2018-07-19 09:44:59
1381510267;19641;2020-03-30 14:19:47
848200695;19321;2018-05-14 07:54:26
2523357095;20237;2023-07-04 10:34:32
624404937;19229;2017-06-08 08:11:47
2722289550;20650;2024-02-07 09:50:06
1169578852;19484;2019-07-04 12:32:59
1953475310;20016;2021-12-20 13:42:49
2966903770;20768;2024-12-06 13:54:19
754102052;19289;2018-01-03 09:07:46
2106905277;20081;2022-05-24 13:41:49
2270234516;20146;2022-10-26 09:08:19
2047489318;20063;2022-03-24 06:14:28
2980181192;20772;2024-12-20 09:23:40
622566281;19228;2017-06-05 07:38:12
2537841009;20244;2023-07-19 07:57:31
692492140;19256;2017-09-29 14:38:58
1776425914;19911;2021-06-15 13:44:45
978095266;19396;2018-11-06 14:29:54
1954478556;20018;2021-12-21 13:51:43
308750420;8381;2015-08-13 14:44:05
1976337112;20033;2022-01-17 10:31:42
498244391;19189;2016-10-18 14:13:22
2704446098;20628;2024-01-19 12:17:39
308750441;8385;2015-08-13 14:44:06
2326523068;20164;2022-12-22 12:32:36
2624064828;20544;2023-10-18 01:32:56
1682252970;19869;2021-03-16 04:47:54
2960719598;20765;2024-11-27 08:24:42
1448818446;19713;2020-06-22 09:07:59
1271713825;19533;2019-11-12 12:03:54
949025233;19380;2018-10-03 09:20:36
489063020;19184;2016-09-29 16:14:05
2932850562;20759;2024-10-22 11:41:02
1335665891;19607;2020-02-05 14:01:34
1573047024;19798;2020-11-13 10:55:22
1334386871;19605;2020-02-04 07:57:12
2964015210;20767;2024-12-03 13:52:27
1826817835;19951;2021-08-09 08:04:14
451051305;19171;2016-07-14 14:02:53
2138682220;20100;2022-06-24 08:05:19
1149534249;19466;2019-06-10 10:11:24
1976374893;20034;2022-01-17 11:49:05
560536805;19201;2017-02-13 13:09:53
2152042991;20102;2022-07-05 07:12:50
2523203666;20236;2023-07-04 03:10:29
1395622292;19660;2020-04-20 09:26:46
1449745845;666;2020-06-23 08:19:18
595125111;19217;2017-04-13 08:15:46
1272499203;19534;2019-11-13 08:14:08
1822653239;19943;2021-08-04 07:15:44
1545187927;19780;2020-10-14 04:25:10
1724635221;19891;2021-04-27 14:51:01
1167942824;19481;2019-07-03 07:25:42
1616161455;19828;2021-01-06 10:10:52
1289056571;19545;2019-12-04 08:37:58
2116833598;20088;2022-06-03 09:51:25
2724580897;20655;2024-02-09 08:44:36
1253823899;19527;2019-10-21 12:07:30
2333476780;20166;2023-01-02 09:19:43
2556268612;20250;2023-08-07 05:45:49
400100869;19140;2016-03-30 12:24:43
2772154965;20694;2024-04-03 13:50:00
2707118834;20634;2024-01-23 13:31:18
309999779;7495;2015-08-17 12:50:02
1739666703;19898;2021-05-11 01:03:26
2660327238;20573;2023-11-29 09:35:32
516263127;19193;2016-11-16 16:15:25
1588775758;19806;2020-12-02 12:55:39
754692215;19291;2018-01-04 08:13:14
936261244;19374;2018-09-17 09:19:38
1353838159;19623;2020-02-27 04:27:27
1111052370;19445;2019-04-22 12:25:53
2130049777;20095;2022-06-16 11:03:03
1128429244;19449;2019-05-14 07:10:17
615980887;19226;2017-05-22 14:45:19
833933214;19316;2018-04-24 12:07:33
2644107654;9000;2023-11-09 11:28:44
2660308816;20572;2023-11-29 09:13:30
936205453;19369;2018-09-17 07:15:43
1215875281;19504;2019-09-02 07:25:06
1175729534;19486;2019-07-11 07:28:15
1149734709;19468;2019-06-10 14:34:24
2799428204;20705;2024-05-06 12:43:14
1347346007;19616;2020-02-19 09:18:50
595714141;19218;2017-04-14 11:57:42
593120339;19216;2017-04-10 10:40:21
804601738;19312;2018-03-16 08:06:55
1386742794;19646;2020-04-07 04:44:47
1309818119;19567;2020-01-06 11:25:39
1342294240;19613;2020-02-13 02:11:50
2137534798;20098;2022-06-23 10:37:52
2662393977;20584;2023-12-01 13:14:37
2308802866;20159;2022-12-05 09:56:21
1544197771;19776;2020-10-13 08:50:32
851978440;19322;2018-05-18 12:52:23
2599476334;20535;2023-09-21 09:01:34
2361944001;20184;2023-01-31 03:05:54
2281993012;20149;2022-11-07 12:22:24
1711200977;19885;2021-04-14 06:47:45
2961903385;20766;2024-11-29 13:14:21
2520300784;20235;2023-06-30 06:14:20
1697308697;19879;2021-03-31 12:51:39
615982261;19227;2017-05-22 14:47:28
1586214596;19802;2020-11-30 09:16:39
1031158646;19424;2019-01-18 07:24:44
1829269395;19954;2021-08-11 03:07:30
308750185;9513;2015-08-13 14:43:59
433745127;19157;2016-06-13 16:36:43
2763057322;20683;2024-03-22 14:25:42
2758743771;20677;2024-03-18 15:40:48
334763550;19102;2015-10-19 12:53:19
1690589916;19874;2021-03-24 10:29:54
439743436;19163;2016-06-23 13:46:48
701156385;19264;2017-10-13 08:06:05
964157445;19390;2018-10-24 08:50:11
2441185181;20204;2023-04-12 02:47:09
2709204670;20639;2024-01-25 06:40:41
2638762136;20550;2023-11-03 02:44:23
2878038141;20736;2024-08-12 07:55:52
2805479431;20707;2024-05-13 07:28:19
710369627;19268;2017-10-27 08:54:45
308750366;8849;2015-08-13 14:44:04
1395813368;19663;2020-04-20 14:17:29
1893402769;19996;2021-10-18 13:04:51
2586211092;20531;2023-09-07 07:53:19
1060019932;19434;2019-02-20 09:01:57
858919797;19328;2018-05-28 11:39:18
2440043362;20203;2023-04-11 08:38:58
2341935236;20176;2023-01-11 06:27:55
2707127608;20635;2024-01-23 13:48:06
1715776121;19886;2021-04-19 07:32:28
328158501;11210;2015-10-02 14:33:21
2661697981;20581;2023-11-30 18:27:52
1407886242;19677;2020-05-04 08:17:04
2536540778;20243;2023-07-18 08:31:26
2900689568;20743;2024-09-10 07:39:33
1419229517;19686;2020-05-18 08:20:36
1840365821;19970;2021-08-23 07:41:30
2516946246;20232;2023-06-27 14:58:17
1302747352;19557;2019-12-23 11:52:05
754678361;19290;2018-01-04 07:58:11
2111907708;20084;2022-05-30 09:03:08
2234670762;20128;2022-09-23 15:11:17
308750457;8214;2015-08-13 14:44:06
481700569;19182;2016-09-15 08:06:35
1545187091;19779;2020-10-14 04:19:37
608726751;19223;2017-05-08 11:08:09
2632551861;20547;2023-10-27 09:56:32
2073748541;20073;2022-04-20 11:54:13
1138871773;19454;2019-05-27 07:33:34
1341548369;19612;2020-02-12 13:20:21
638946132;19235;2017-07-06 10:05:25
2765552969;20687;2024-03-26 12:42:07
1874582612;19983;2021-09-28 14:29:46
2822915009;20711;2024-06-03 13:52:02
1354124603;19625;2020-02-27 13:42:13
2375292339;20190;2023-02-13 10:22:25
1148036010;19465;2019-06-07 14:32:08
1315985707;19577;2020-01-14 12:29:50
954755828;19383;2018-10-11 07:24:57
835536464;19317;2018-04-26 08:48:06
1109630188;19444;2019-04-19 10:51:28
2700393536;20617;2024-01-15 14:13:00
2740820523;20668;2024-02-28 11:22:47
1531213186;19771;2020-09-29 11:02:46
2121572474;20090;2022-06-08 14:47:44
689394018;19253;2017-09-25 10:26:19
2669955390;20596;2023-12-11 09:14:48
1162476826;19476;2019-06-26 07:24:01
1814866988;19935;2021-07-27 07:50:24
807390509;19313;2018-03-20 10:51:18
2652682458;20558;2023-11-20 08:21:08
2704390368;20624;2024-01-19 10:01:08
948207280;19379;2018-10-02 13:18:38
671576860;19245;2017-08-29 12:57:03
965278588;19392;2018-10-25 12:45:43
1647603713;19854;2021-02-08 08:46:47
1322809019;19593;2020-01-22 07:19:07
400241177;19141;2016-03-30 14:54:50
1595676124;19808;2020-12-10 07:38:54
2133375631;20096;2022-06-20 08:25:07
1452069107;19718;2020-06-25 11:17:43
1933440183;20011;2021-11-29 09:17:57
308750356;8875;2015-08-13 14:44:03
1298737554;19554;2019-12-17 07:39:54
1318815860;19584;2020-01-17 07:25:36
1407883587;19676;2020-05-04 08:06:14
2634474384;20548;2023-10-30 13:24:54
670837919;19242;2017-08-28 10:39:21
1448872685;19714;2020-06-22 10:58:29
1331353057;19603;2020-01-31 03:13:30
772055998;19294;2018-01-31 08:35:06
308750274;9121;2015-08-13 14:44:01
1610704541;19818;2020-12-29 07:19:33
1963343797;20025;2022-01-03 14:33:28
954753298;19382;2018-10-11 07:19:00
1745447571;19900;2021-05-17 07:48:23
1060956238;19436;2019-02-21 07:55:14
2301458709;20155;2022-11-28 12:40:26
906838260;19355;2018-08-07 09:35:55
2330096604;20165;2022-12-28 13:42:15
1578554281;19800;2020-11-20 05:13:22
1310796925;19569;2020-01-07 12:31:22
370254222;19124;2016-01-22 13:03:23
2656836064;20564;2023-11-24 07:54:06
1389315706;19651;2020-04-10 14:53:54
447569257;19167;2016-07-07 14:50:12
308750119;9878;2015-08-13 14:43:57
1315813144;19575;2020-01-14 08:30:31
1850168124;19975;2021-09-01 12:43:58
1733624764;12369;2021-05-05 12:30:29
1449814379;19715;2020-06-23 09:32:25
1702575974;19881;2021-04-06 09:24:32
2136271321;20097;2022-06-22 13:09:32
879526323;19333;2018-06-26 09:59:44
308750475;8160;2015-08-13 14:44:07
910808948;19356;2018-08-13 07:14:50
949047730;19381;2018-10-03 09:56:43
402830357;19142;2016-04-04 08:39:57
1248144049;19525;2019-10-14 11:48:12
1720082662;19887;2021-04-22 12:54:09
1634265871;19846;2021-01-25 08:27:17
308750299;9116;2015-08-13 14:44:02
1609951503;12348;2020-12-28 12:27:15
877109399;19332;2018-06-22 09:00:29
963523715;19389;2018-10-23 14:09:53
2665072376;20589;2023-12-05 08:57:22
1657098414;19862;2021-02-18 00:46:54
346377683;19108;2015-11-17 10:28:28
2666244158;20593;2023-12-06 11:40:33
2001538215;20042;2022-02-09 08:57:19
2445653016;20205;2023-04-17 10:30:45
2007477438;20045;2022-02-15 14:41:01
2573628351;20527;2023-08-24 12:45:17
2709164597;20638;2024-01-25 04:03:08
1292888327;19547;2019-12-09 12:51:49
1431924879;19696;2020-06-02 06:05:21
927460124;19367;2018-09-05 07:07:18
1685950395;19871;2021-03-19 10:14:21
1328547237;19450;2020-01-28 08:05:36
2663825580;20586;2023-12-03 21:07:08
2913361268;20753;2024-09-26 08:45:19
1733623277;12270;2021-05-05 12:29:15
2599366107;20534;2023-09-21 03:15:45
673026877;19246;2017-08-31 09:03:51
798727198;19308;2018-03-08 08:02:48
665612839;19241;2017-08-18 10:59:54
2589231900;20532;2023-09-11 08:09:37
1414541240;19682;2020-05-12 12:47:19
1824758329;19946;2021-08-06 07:02:21
1760303792;19904;2021-05-31 11:34:48
1352791602;19622;2020-02-26 04:56:35
1170161896;19485;2019-07-05 07:24:41
2740593608;20666;2024-02-28 06:34:16
1002711666;19408;2018-12-11 14:14:16
1530283656;19770;2020-09-28 14:23:45
2385870173;20196;2023-02-22 09:34:33
1813898824;19933;2021-07-26 13:32:15
1828617335;19953;2021-08-10 16:40:46
1357752518;19627;2020-03-03 07:24:22
2023525343;20053;2022-03-02 11:19:06
2123898226;20091;2022-06-10 11:38:58
1509943911;19758;2020-09-03 11:01:55
2129949443;20094;2022-06-16 08:27:30
2641653140;20551;2023-11-07 07:19:46
2700490224;20618;2024-01-15 15:53:49
2321196045;20161;2022-12-16 09:56:22
1097574585;19442;2019-04-05 11:24:11
2517956612;20233;2023-06-28 11:39:38
1003825366;19411;2018-12-12 10:07:02
2759795754;20679;2024-03-19 15:00:47
1900233620;20001;2021-10-25 14:25:23
747112332;19279;2017-12-19 16:16:05
1397761966;19664;2020-04-22 13:01:35
1347460399;19617;2020-02-19 12:25:23
1518381474;19763;2020-09-14 11:08:02
2747641393;20670;2024-03-05 13:09:28
1327622653;19598;2020-01-27 09:49:16
1620240680;19832;2021-01-11 11:56:08
2660317602;20537;2023-11-29 09:25:17
1803534187;19927;2021-07-14 08:25:55
689432356;19254;2017-09-25 11:44:53
2589302074;20533;2023-09-11 10:08:36
2609000639;20539;2023-10-02 05:47:37
2656118299;20562;2023-11-23 08:57:23
380957916;19133;2016-02-16 15:46:56
2708241867;20637;2024-01-24 13:17:30
1297753052;19552;2019-12-16 07:09:07
2583125507;20529;2023-09-04 10:15:32
1033348819;19425;2019-01-21 14:07:44
1844113285;19973;2021-08-26 08:02:02
798007744;19307;2018-03-07 10:43:18
900641656;19351;2018-07-30 08:26:53
656596668;19239;2017-08-03 10:55:39
1374106775;19638;2020-03-20 10:10:07
2340636734;20174;2023-01-10 06:44:30
696678094;19258;2017-10-06 10:27:22
2137666045;20099;2022-06-23 13:51:26
1470845249;19732;2020-07-17 08:20:58
2665100999;20590;2023-12-05 10:08:01
1127438348;19447;2019-05-13 07:26:17
2167329624;20110;2022-07-20 08:30:06
426013307;19154;2016-05-27 11:41:05
896112484;19345;2018-07-23 07:14:55
2789620113;20699;2024-04-24 13:35:06
308750296;7686;2015-08-13 14:44:02
587767545;19215;2017-03-31 09:45:07
959632736;19388;2018-10-18 07:51:16
346849860;19109;2015-11-18 10:21:05
1304015410;19561;2019-12-26 13:42:33
1779629868;19913;2021-06-18 01:08:21
2650189071;20556;2023-11-16 11:45:14
2763060157;20684;2024-03-22 14:28:53
1215931732;19506;2019-09-02 09:35:08
652270881;19237;2017-07-27 10:36:38
1756613866;19903;2021-05-27 02:00:49
2902902724;20748;2024-09-12 13:45:01
1388514558;19648;2020-04-09 08:53:12
696015074;19257;2017-10-05 11:14:15
897568859;19349;2018-07-25 07:24:40
449659913;19168;2016-07-12 10:52:07
1934448470;20012;2021-11-30 05:14:16
2693975632;20607;2024-01-08 15:01:43
1376352427;19639;2020-03-23 15:18:29
320633729;10754;2015-09-14 11:31:50
992320529;19403;2018-11-27 08:43:51
1553090755;19787;2020-10-22 08:05:46
363237778;19118;2016-01-06 14:23:26
1154991843;19469;2019-06-17 10:01:27
1389275227;19650;2020-04-10 13:38:04
676098245;19249;2017-09-05 08:27:56
1818240958;19939;2021-07-30 09:08:40
308750481;8065;2015-08-13 14:44:07
1417526606;19685;2020-05-15 12:01:16
1388524901;19649;2020-04-09 09:28:44
2333497493;20167;2023-01-02 10:11:36
2709284992;20641;2024-01-25 10:22:07
2503762744;20221;2023-06-14 10:08:42
1524458592;19767;2020-09-21 11:10:17
2343254326;20177;2023-01-12 11:12:12
917852896;19361;2018-08-22 07:31:12
1991943918;20039;2022-01-31 08:49:46
1993169008;20040;2022-02-01 08:54:29
1621385268;19837;2021-01-12 10:28:59
670856049;19244;2017-08-28 11:34:33
2700327015;20615;2024-01-15 12:13:44
377553914;19129;2016-02-08 16:56:03
308750524;7808;2015-08-13 14:44:08
901675900;19352;2018-07-31 11:26:05
451664884;19173;2016-07-15 10:52:51
308750306;9004;2015-08-13 14:44:02
2417496774;20202;2023-03-21 12:46:19
1305565309;19563;2019-12-30 10:27:28
2709281532;20640;2024-01-25 10:13:15
308750518;7740;2015-08-13 14:44:08
1284215664;19540;2019-11-27 07:48:20
1837406965;19969;2021-08-19 11:21:28
1315004262;19572;2020-01-13 10:16:27
308750065;8335;2015-08-13 14:43:56
2855920860;20729;2024-07-15 14:42:52
452835581;19174;2016-07-18 12:27:39
311316323;9481;2015-08-20 08:55:56
2830836950;20713;2024-06-12 14:54:57
660099530;19240;2017-08-09 07:18:00
1922287147;20006;2021-11-16 10:19:05
1200935248;19497;2019-08-13 00:28:12
793487602;19304;2018-03-02 08:56:40
1538254384;19773;2020-10-06 12:58:32
378011877;19132;2016-02-09 14:49:02
340402374;19105;2015-11-02 12:49:18
1870285444;19979;2021-09-23 12:57:39
676244881;19250;2017-09-05 13:32:24
1818342327;19941;2021-07-30 11:00:33
533863414;19199;2016-12-21 02:03:08
1318889458;19587;2020-01-17 09:01:41
696838431;19259;2017-10-06 15:08:59
375843045;19127;2016-02-04 11:28:02
1142648968;19457;2019-05-31 13:46:39
1249803300;19526;2019-10-16 07:14:16
2721328170;20649;2024-02-06 15:51:25
596505795;19219;2017-04-17 10:22:43
1143969184;19458;2019-06-03 07:33:28
955557044;19384;2018-10-12 07:55:36
819263299;19315;2018-04-04 14:56:00
1324462917;19596;2020-01-23 08:42:08
1293512359;19548;2019-12-10 05:13:28
1274388355;19537;2019-11-15 09:47:21
308750196;9770;2015-08-13 14:43:59
1668722376;19864;2021-03-02 11:11:18
1138857573;19453;2019-05-27 07:14:59
2694045539;20608;2024-01-08 15:58:04
409035599;19146;2016-04-20 08:47:59
329264382;11039;2015-10-05 15:34:01
511494033;19191;2016-11-08 17:23:32
854091448;19324;2018-05-22 09:16:25
489401963;19186;2016-09-30 08:47:23
354099417;19112;2015-12-08 10:31:10
723841303;19276;2017-11-16 11:50:23
2775835415;20696;2024-04-08 12:29:31
1632384389;19845;2021-01-22 08:23:53
1156677254;19472;2019-06-19 08:22:56
1315777795;19574;2020-01-14 07:15:06
855948576;19325;2018-05-24 08:13:54
308750147;7918;2015-08-13 14:43:58
999869423;19407;2018-12-07 07:33:13
977997765;19395;2018-11-06 11:09:40
2032873035;20060;2022-03-10 05:57:48
1149697370;19467;2019-06-10 14:04:14
333459273;19100;2015-10-15 14:35:31
1888725878;12378;2021-10-13 07:49:21
2002811718;20043;2022-02-10 09:52:17
336412221;19104;2015-10-22 13:23:28
1294448353;19549;2019-12-11 08:00:49
2653777087;20560;2023-11-21 05:03:55
